<?xml version="1.0" encoding="UTF-8" ?>
<XMLDB PATH="blocks/configurable_reports/db" VERSION="20190206" COMMENT="XMLDB file for Moodle blocks/configurable_reports"
       xmlns:xsi="http://www.w3.org/2001/XMLSchema-instance"
       xsi:noNamespaceSchemaLocation="../../../lib/xmldb/xmldb.xsd"
>
    <TABLES>
        <TABLE NAME="block_configurable_reports" COMMENT="block_configurable_reports table retrofitted from MySQL">
            <FIELDS>
                <FIELD NAME="id" TYPE="int" LENGTH="10" NOTNULL="true" SEQUENCE="true"/>
                <FIELD NAME="courseid" TYPE="int" LENGTH="11" NOTNULL="true" SEQUENCE="false"/>
                <FIELD NAME="ownerid" TYPE="int" LENGTH="11" NOTNULL="true" SEQUENCE="false"/>
                <FIELD NAME="visible" TYPE="int" LENGTH="4" NOTNULL="true" SEQUENCE="false"/>
                <FIELD NAME="name" TYPE="char" LENGTH="128" NOTNULL="true" SEQUENCE="false"/>
                <FIELD NAME="summary" TYPE="text" NOTNULL="false" SEQUENCE="false"/>
                <FIELD NAME="summaryformat" TYPE="int" LENGTH="4" NOTNULL="true" DEFAULT="0" SEQUENCE="false"/>
                <FIELD NAME="type" TYPE="char" LENGTH="128" NOTNULL="true" SEQUENCE="false"/>
                <FIELD NAME="pagination" TYPE="int" LENGTH="4" NOTNULL="false" SEQUENCE="false"/>
                <FIELD NAME="components" TYPE="text" NOTNULL="false" SEQUENCE="false"/>
                <FIELD NAME="export" TYPE="char" LENGTH="255" NOTNULL="false" SEQUENCE="false"/>
                <FIELD NAME="jsordering" TYPE="int" LENGTH="4" NOTNULL="false" SEQUENCE="false"/>
                <FIELD NAME="global" TYPE="int" LENGTH="4" NOTNULL="true" DEFAULT="0" SEQUENCE="false"/>
                <FIELD NAME="lastexecutiontime" TYPE="int" LENGTH="10" NOTNULL="true" DEFAULT="0" SEQUENCE="false"
                       COMMENT="Time this report took to run last time it was executed, in milliseconds."/>
                <FIELD NAME="cron" TYPE="int" LENGTH="4" NOTNULL="true" DEFAULT="0" SEQUENCE="false"
                       COMMENT="Should we run this query on regular CRON"/>
                <FIELD NAME="remote" TYPE="int" LENGTH="1" NOTNULL="false" DEFAULT="0" SEQUENCE="false"/>
            </FIELDS>
            <KEYS>
                <KEY NAME="primary" TYPE="primary" FIELDS="id"/>
            </KEYS>
        </TABLE>
    </TABLES>
</XMLDB>